filename,width,height,class,xmin,ymin,xmax,ymax
20211014_123307.jpg,870,1160,robot,250,282,558,861
people_17.jpg,625,447,person,44,111,130,361
people_17.jpg,625,447,person,123,122,163,265
people_17.jpg,625,447,person,203,88,308,447
people_17.jpg,625,447,person,284,86,392,417
people_17.jpg,625,447,person,372,115,460,384
people_17.jpg,625,447,person,353,171,561,447
20211014_123309(1).jpg,870,1160,robot,298,270,589,895
mix_new9.jpg,1900,1069,robot,555,146,799,548
mix_new9.jpg,1900,1069,person,253,20,610,905
mix_new9.jpg,1900,1069,person,955,205,1071,601
mix_12.jpg,980,683,person,523,130,933,683
mix_12.jpg,980,683,robot,39,64,608,683
mix(15).jpg,500,320,robot,5,10,274,285
mix(15).jpg,500,320,person,167,32,293,298
people-from-above_new8.jpg,1300,731,person,530,528,605,647
people-from-above_new8.jpg,1300,731,person,815,592,900,709
people-from-above_new8.jpg,1300,731,person,820,476,891,596
people-from-above_new8.jpg,1300,731,person,801,435,861,548
people-from-above_new8.jpg,1300,731,person,584,214,636,337
people-from-above_new8.jpg,1300,731,person,517,108,564,189
people-from-above_new8.jpg,1300,731,person,622,179,668,250
people-from-above_new8.jpg,1300,731,person,824,241,879,382
people-from-above_new8.jpg,1300,731,person,1101,283,1143,431
people-from-above_new8.jpg,1300,731,person,1076,70,1153,190
20211014_123224.jpg,870,1160,robot,289,231,658,951
people_3.jpg,427,639,person,24,173,77,276
people_3.jpg,427,639,person,263,186,290,240
people-from-above_new3.jpg,1000,667,person,78,366,136,445
people-from-above_new3.jpg,1000,667,person,63,351,118,414
people-from-above_new3.jpg,1000,667,person,39,347,94,427
people-from-above_new3.jpg,1000,667,person,59,200,113,278
people-from-above_new3.jpg,1000,667,person,31,202,75,276
people-from-above_new3.jpg,1000,667,person,17,187,60,262
people-from-above_new3.jpg,1000,667,person,419,261,470,338
people-from-above_new3.jpg,1000,667,person,482,268,524,346
people-from-above_new3.jpg,1000,667,person,865,424,914,517
people-from-above_new3.jpg,1000,667,person,908,434,958,522
people-from-above_new3.jpg,1000,667,person,321,161,363,231
people-from-above_new3.jpg,1000,667,person,282,148,322,216
people-from-above_new3.jpg,1000,667,person,276,128,312,202
people-from-above_new3.jpg,1000,667,person,64,83,104,104
people-from-above_new3.jpg,1000,667,person,2,14,48,75
people-from-above_new3.jpg,1000,667,person,170,24,193,90
people-from-above_new3.jpg,1000,667,person,182,26,219,90
people-from-above_new3.jpg,1000,667,person,250,24,286,65
people-from-above_new3.jpg,1000,667,person,317,1,346,34
people-from-above_new3.jpg,1000,667,person,295,1,318,33
people-from-above_new3.jpg,1000,667,person,276,1,295,34
people-from-above_new3.jpg,1000,667,person,462,61,492,134
people-from-above_new3.jpg,1000,667,person,407,74,438,149
people-from-above_new3.jpg,1000,667,person,394,40,429,95
people-from-above_new3.jpg,1000,667,person,640,106,670,173
people-from-above_new3.jpg,1000,667,person,664,117,697,188
people-from-above_new3.jpg,1000,667,person,702,119,737,195
people-from-above_new3.jpg,1000,667,person,835,51,868,122
people-from-above_new3.jpg,1000,667,person,526,12,555,75
people-from-above_new3.jpg,1000,667,person,512,1,537,44
mix_13.jpg,1000,395,robot,38,69,509,395
mix_13.jpg,1000,395,person,477,13,714,395
mix_13.jpg,1000,395,person,642,1,956,395
people.jpg,780,448,person,1,317,59,349
people.jpg,780,448,person,79,346,140,382
people.jpg,780,448,person,100,305,154,334
people.jpg,780,448,person,37,274,109,304
people.jpg,780,448,person,156,340,213,373
people.jpg,780,448,person,198,388,252,425
people.jpg,780,448,person,270,381,317,411
people.jpg,780,448,person,233,357,262,379
people.jpg,780,448,person,218,337,258,358
people.jpg,780,448,person,138,278,182,310
people.jpg,780,448,person,141,245,184,279
people.jpg,780,448,person,129,187,187,229
people.jpg,780,448,person,66,137,126,168
people.jpg,780,448,person,91,77,143,114
people.jpg,780,448,person,17,52,90,94
people.jpg,780,448,person,154,128,211,167
people.jpg,780,448,person,185,246,229,273
people.jpg,780,448,person,229,289,275,315
people.jpg,780,448,person,250,264,301,295
people.jpg,780,448,person,250,317,293,342
people.jpg,780,448,person,288,303,323,332
people.jpg,780,448,person,269,338,305,372
people.jpg,780,448,person,302,330,339,359
people.jpg,780,448,person,333,380,380,422
people.jpg,780,448,person,375,430,408,448
people.jpg,780,448,person,397,376,437,418
people.jpg,780,448,person,425,360,454,395
people.jpg,780,448,person,336,306,375,338
people.jpg,780,448,person,319,287,345,308
people.jpg,780,448,person,327,266,360,292
people.jpg,780,448,person,326,235,365,263
people.jpg,780,448,person,238,182,288,219
people.jpg,780,448,person,242,141,289,172
people.jpg,780,448,person,208,131,244,158
people.jpg,780,448,person,213,76,264,125
people.jpg,780,448,person,247,50,295,88
people.jpg,780,448,person,296,29,334,69
people.jpg,780,448,person,301,69,354,103
people.jpg,780,448,person,326,98,355,132
people.jpg,780,448,person,328,126,364,160
people.jpg,780,448,person,333,158,351,189
people.jpg,780,448,person,346,198,391,231
people.jpg,780,448,person,370,162,401,194
people.jpg,780,448,person,383,136,427,168
people.jpg,780,448,person,376,117,403,143
people.jpg,780,448,person,382,84,411,116
people.jpg,780,448,person,365,61,396,90
people.jpg,780,448,person,381,309,408,343
people.jpg,780,448,person,390,286,419,314
people.jpg,780,448,person,391,253,426,273
people.jpg,780,448,person,387,237,424,252
people.jpg,780,448,person,398,214,435,242
people.jpg,780,448,person,428,240,461,271
people.jpg,780,448,person,564,411,604,445
people.jpg,780,448,person,534,364,575,405
people.jpg,780,448,person,622,409,672,445
people.jpg,780,448,person,432,303,469,343
people.jpg,780,448,person,482,311,520,338
people.jpg,780,448,person,476,286,507,315
people.jpg,780,448,person,471,228,511,266
people.jpg,780,448,person,435,174,468,209
people.jpg,780,448,person,435,146,476,177
people.jpg,780,448,person,444,125,479,148
people.jpg,780,448,person,596,52,664,94
people.jpg,780,448,person,660,87,731,132
people.jpg,780,448,person,519,209,575,238
people.jpg,780,448,person,525,235,568,265
people.jpg,780,448,person,567,190,609,224
people.jpg,780,448,person,600,152,656,190
people.jpg,780,448,person,658,172,722,210
people.jpg,780,448,person,579,227,633,258
people.jpg,780,448,person,651,220,698,254
people.jpg,780,448,person,537,269,576,303
people.jpg,780,448,person,579,286,617,322
people.jpg,780,448,person,543,306,579,327
people.jpg,780,448,person,554,322,591,358
people.jpg,780,448,person,652,306,710,339
people.jpg,780,448,person,716,356,769,399
people.jpg,780,448,person,669,282,729,314
people.jpg,780,448,person,722,261,779,292
people.jpg,780,448,person,720,235,780,263
people(11).jpg,1524,2032,person,143,1623,315,2032
people(11).jpg,1524,2032,person,380,1662,535,2032
people(11).jpg,1524,2032,person,499,1592,717,2032
people(11).jpg,1524,2032,person,533,1429,762,1900
people(11).jpg,1524,2032,person,141,1347,282,1694
people(11).jpg,1524,2032,person,5,1396,182,1672
people(11).jpg,1524,2032,person,188,1247,323,1517
people(11).jpg,1524,2032,person,713,1908,843,2032
people(11).jpg,1524,2032,person,272,1951,401,2032
people(11).jpg,1524,2032,person,348,1268,458,1623
people(11).jpg,1524,2032,person,427,1278,519,1672
people(11).jpg,1524,2032,person,525,1317,607,1547
people(11).jpg,1524,2032,person,552,1255,674,1427
people(11).jpg,1524,2032,person,537,1178,639,1317
people(11).jpg,1524,2032,person,417,1188,497,1335
people(11).jpg,1524,2032,person,376,1135,527,1290
people(11).jpg,1524,2032,person,680,1229,776,1604
people(11).jpg,1524,2032,person,760,1229,858,1555
people(11).jpg,1524,2032,person,792,1349,950,1762
people(11).jpg,1524,2032,person,884,1372,1119,1804
people(11).jpg,1524,2032,person,882,1239,982,1647
people(11).jpg,1524,2032,person,1001,1229,1111,1484
people(11).jpg,1524,2032,person,1139,1270,1235,1627
people(11).jpg,1524,2032,person,1441,1198,1515,1457
people(11).jpg,1524,2032,person,1415,1104,1513,1249
people(11).jpg,1524,2032,person,1,1186,107,1474
people(11).jpg,1524,2032,person,23,1078,101,1368
people(11).jpg,1524,2032,person,1,1025,52,1200
people(11).jpg,1524,2032,person,152,1002,243,1311
people(11).jpg,1524,2032,person,231,996,315,1184
people(11).jpg,1524,2032,person,260,925,335,1031
people(11).jpg,1524,2032,person,264,860,354,990
people(11).jpg,1524,2032,person,288,1084,395,1300
people(11).jpg,1524,2032,person,297,992,409,1119
people(11).jpg,1524,2032,person,619,931,690,1172
people(11).jpg,1524,2032,person,401,921,537,1145
people(11).jpg,1524,2032,person,680,941,760,1219
people(11).jpg,1524,2032,person,746,951,823,1239
people(11).jpg,1524,2032,person,811,1000,931,1321
people(11).jpg,1524,2032,person,954,996,1070,1186
people(11).jpg,1524,2032,person,911,913,978,1113
people(11).jpg,1524,2032,person,976,921,1056,1060
people(11).jpg,1524,2032,person,1043,908,1119,1029
people(11).jpg,1524,2032,person,539,711,611,931
people(11).jpg,1524,2032,person,672,755,725,931
people(11).jpg,1524,2032,person,809,833,888,1053
people(11).jpg,1524,2032,person,990,774,1050,933
people(11).jpg,1524,2032,person,1048,778,1121,911
people(11).jpg,1524,2032,person,737,827,819,929
people(11).jpg,1524,2032,person,805,749,868,837
people(11).jpg,1524,2032,person,743,745,815,845
people(11).jpg,1524,2032,person,650,723,733,839
people(11).jpg,1524,2032,person,1380,602,1472,755
people(11).jpg,1524,2032,person,874,666,919,768
people(11).jpg,1524,2032,person,903,637,952,755
people(11).jpg,1524,2032,person,1376,527,1433,647
people(11).jpg,1524,2032,person,1429,535,1476,627
people(11).jpg,1524,2032,person,1482,515,1524,637
20211014_123246.jpg,870,1160,robot,281,259,707,892
mix_new18.jpg,1200,628,robot,100,69,527,552
mix_new18.jpg,1200,628,person,433,18,827,624
mix_new18.jpg,1200,628,person,751,50,1128,628
20211014_123252.jpg,870,1160,robot,293,276,571,842
people_above_12.jpg,600,352,person,96,97,209,193
people_above_12.jpg,600,352,person,251,109,330,180
people_above_12.jpg,600,352,person,144,6,235,69
robot_5.png,550,367,robot,137,40,383,353
robot_5.png,550,367,robot,106,142,227,285
mix_31.jpg,825,510,robot,245,49,465,305
mix_31.jpg,825,510,person,39,54,321,510
people-from-above_new5.jpg,1300,731,person,531,523,614,653
people-from-above_new5.jpg,1300,731,person,814,593,894,713
people-from-above_new5.jpg,1300,731,person,821,473,898,595
people-from-above_new5.jpg,1300,731,person,800,433,863,534
people-from-above_new5.jpg,1300,731,person,516,107,563,189
people-from-above_new5.jpg,1300,731,person,572,216,640,335
people-from-above_new5.jpg,1300,731,person,616,178,674,249
people-from-above_new5.jpg,1300,731,person,816,249,897,386
people-from-above_new5.jpg,1300,731,person,1090,294,1154,436
people-from-above_new5.jpg,1300,731,person,1084,74,1158,192
people_20.jpg,1300,866,person,148,197,448,846
people_20.jpg,1300,866,person,403,1,623,794
people_20.jpg,1300,866,person,643,194,907,825
people_20.jpg,1300,866,person,910,203,1273,866
people_above_18.jpg,853,480,person,504,231,646,476
people_above_18.jpg,853,480,person,261,255,357,374
people_above_18.jpg,853,480,person,90,144,206,306
people_above_18.jpg,853,480,person,188,131,259,239
people_above_18.jpg,853,480,person,268,121,316,233
people_above_18.jpg,853,480,person,398,140,457,237
people_above_18.jpg,853,480,person,302,161,359,241
people_above_18.jpg,853,480,person,543,121,622,251
people_working_new3.jpg,1200,800,person,51,373,423,705
people_working_new3.jpg,1200,800,person,267,331,508,615
people_working_new3.jpg,1200,800,person,374,240,538,468
people_working_new3.jpg,1200,800,person,668,411,1177,800
workers_2.jpg,1080,675,person,252,47,555,675
workers_2.jpg,1080,675,person,567,70,828,675
20211014_123308.jpg,870,1160,robot,270,252,560,865
people(9).jpg,1300,956,person,497,304,992,854
people(9).jpg,1300,956,person,353,132,535,688
people(9).jpg,1300,956,person,476,175,576,633
people(9).jpg,1300,956,person,571,110,716,486
people(9).jpg,1300,956,person,632,7,906,423
workers_new2.jpg,612,375,person,364,215,451,335
workers_new2.jpg,612,375,person,394,156,440,250
workers_new2.jpg,612,375,person,413,127,457,225
workers_new2.jpg,612,375,person,370,70,418,168
workers_new2.jpg,612,375,person,284,54,316,138
workers_new2.jpg,612,375,person,260,32,307,149
mix_new13.jpg,900,450,person,72,55,318,450
mix_new13.jpg,900,450,robot,372,12,656,315
people-from-above_new10.jpg,500,281,person,21,216,51,263
people-from-above_new10.jpg,500,281,person,57,131,82,183
people-from-above_new10.jpg,500,281,person,86,125,103,168
people-from-above_new10.jpg,500,281,person,98,132,117,172
people-from-above_new10.jpg,500,281,person,108,123,123,162
people-from-above_new10.jpg,500,281,person,118,131,135,165
people-from-above_new10.jpg,500,281,person,172,137,199,187
people-from-above_new10.jpg,500,281,person,289,207,315,259
people-from-above_new10.jpg,500,281,person,340,182,375,232
people-from-above_new10.jpg,500,281,person,389,145,417,190
people-from-above_new10.jpg,500,281,person,464,151,494,204
people-from-above_new10.jpg,500,281,person,197,95,215,138
people-from-above_new10.jpg,500,281,person,295,111,318,152
people-from-above_new10.jpg,500,281,person,387,101,409,147
people-from-above_new10.jpg,500,281,person,148,83,167,118
people-from-above_new10.jpg,500,281,person,147,60,164,84
people-from-above_new10.jpg,500,281,person,20,31,39,63
people-from-above_new10.jpg,500,281,person,179,44,199,83
people-from-above_new10.jpg,500,281,person,239,53,260,88
people-from-above_new10.jpg,500,281,person,256,33,276,73
people-from-above_new10.jpg,500,281,person,208,12,219,50
people-from-above_new10.jpg,500,281,person,219,13,234,50
people-from-above_new10.jpg,500,281,person,236,14,249,46
people-from-above_new10.jpg,500,281,person,283,17,300,47
people-from-above_new10.jpg,500,281,person,70,2,89,30
people-from-above_new10.jpg,500,281,person,100,1,117,25
people-from-above_new10.jpg,500,281,person,303,22,316,60
people-from-above_new10.jpg,500,281,person,312,20,324,56
people-from-above_new10.jpg,500,281,person,360,13,371,50
people-from-above_new10.jpg,500,281,person,447,51,464,86
people-from-above_new10.jpg,500,281,person,472,46,487,79
people-from-above_new10.jpg,500,281,person,453,27,469,53
people-from-above_new10.jpg,500,281,person,437,5,451,46
people-from-above_new10.jpg,500,281,person,423,2,436,38
people-from-above_new10.jpg,500,281,person,414,5,423,33
people-from-above_new10.jpg,500,281,person,338,1,351,28
people-from-above_new10.jpg,500,281,person,327,10,339,31
people(7).jpg,550,367,person,195,192,259,340
people(7).jpg,550,367,person,262,217,290,277
people(7).jpg,550,367,person,324,217,356,296
people(7).jpg,550,367,person,368,203,405,305
people(7).jpg,550,367,person,399,211,424,307
people(7).jpg,550,367,person,78,225,91,243
people(7).jpg,550,367,person,87,214,104,248
people(12).jpg,620,414,person,10,131,145,414
people(12).jpg,620,414,person,182,242,331,414
people(12).jpg,620,414,person,302,163,372,368
people(12).jpg,620,414,person,364,153,442,368
people(12).jpg,620,414,person,479,226,599,414
people(12).jpg,620,414,person,482,159,505,299
people(12).jpg,620,414,person,497,160,539,301
people(12).jpg,620,414,person,530,156,570,230
people(12).jpg,620,414,person,570,160,620,301
people_working_new.jpg,810,405,person,604,1,810,405
people_working_new.jpg,810,405,person,420,86,640,404
people_working_new.jpg,810,405,person,170,44,522,405
20211014_123253.jpg,870,1160,robot,283,270,568,843
people_above_14.jpg,450,450,person,51,228,122,359
people_above_14.jpg,450,450,person,38,117,82,223
people_above_14.jpg,450,450,person,76,48,123,145
people_above_14.jpg,450,450,person,155,22,181,104
people_above_14.jpg,450,450,person,131,150,172,259
people_above_14.jpg,450,450,person,201,244,258,393
people_above_14.jpg,450,450,person,324,224,401,356
people_above_14.jpg,450,450,person,199,90,235,191
people_above_14.jpg,450,450,person,244,23,269,104
people_above_14.jpg,450,450,person,282,124,330,236
people_above_14.jpg,450,450,person,382,105,411,215
people_above_14.jpg,450,450,person,331,51,370,145
20211014_123350.jpg,870,1160,robot,328,346,620,757
20211014_123311.jpg,870,1160,robot,288,297,584,906
20211014_123407.jpg,870,1160,robot,343,355,592,888
20211014_123306(1).jpg,870,1160,robot,221,296,546,870
mix_new20.jpg,750,501,robot,452,64,587,192
mix_new20.jpg,750,501,person,111,88,226,465
mix_new20.jpg,750,501,person,180,86,277,224
mix_new20.jpg,750,501,person,508,150,696,501
workers_new3.jpg,1300,866,person,414,294,550,715
workers_new3.jpg,1300,866,person,895,241,991,585
workers_new3.jpg,1300,866,person,973,223,1078,583
workers(7).jpg,2560,1440,person,172,745,856,1440
workers(7).jpg,2560,1440,person,865,664,1167,1440
workers(7).jpg,2560,1440,person,969,635,1519,1440
workers(7).jpg,2560,1440,person,1594,842,2038,1440
workers(7).jpg,2560,1440,person,541,444,890,1187
workers(7).jpg,2560,1440,person,259,285,614,1015
workers(7).jpg,2560,1440,person,494,73,894,689
workers(7).jpg,2560,1440,person,896,95,1312,625
workers(7).jpg,2560,1440,person,903,315,1278,938
workers(7).jpg,2560,1440,person,1374,416,1743,1440
workers(7).jpg,2560,1440,person,1896,604,2294,1440
workers(7).jpg,2560,1440,person,1329,80,1727,660
workers(7).jpg,2560,1440,person,1590,195,1967,915
workers(7).jpg,2560,1440,person,1909,315,2459,920
mix_new16.jpg,825,464,robot,253,193,708,464
mix_new16.jpg,825,464,robot,98,41,307,287
mix_new16.jpg,825,464,person,380,71,525,464
people_6.jpg,1200,800,person,245,37,501,758
people_6.jpg,1200,800,person,508,33,753,768
20211014_123403.jpg,870,1160,robot,373,178,698,843
people-from-above_new13.jpg,1600,1000,person,532,232,636,450
people-from-above_new13.jpg,1600,1000,person,890,274,998,530
people-from-above_new13.jpg,1600,1000,person,1084,638,1248,886
people-from-above_new13.jpg,1600,1000,person,854,5,951,247
people-from-above_new13.jpg,1600,1000,person,1009,141,1118,378
people-from-above_new13.jpg,1600,1000,person,1120,164,1223,420
people-from-above_new13.jpg,1600,1000,person,1256,313,1378,567
people_above_10.png,700,490,person,45,126,190,239
people_above_10.png,700,490,person,280,126,422,240
people_above_10.png,700,490,person,512,126,655,238
people_above_10.png,700,490,person,45,301,190,414
people_above_10.png,700,490,person,282,297,415,414
people_above_10.png,700,490,person,515,302,654,411
mix(14).jpg,959,640,person,445,153,757,440
mix(14).jpg,959,640,robot,216,144,528,562
mix(14).jpg,959,640,robot,194,266,337,499
workers_4.jpg,612,408,person,172,109,263,405
workers_4.jpg,612,408,person,277,115,344,397
people_working_new5.jpg,1200,896,person,1,633,373,896
people_working_new5.jpg,1200,896,person,1,27,414,860
people_working_new5.jpg,1200,896,person,683,277,891,788
people_working_new5.jpg,1200,896,person,634,53,843,733
people_working_new5.jpg,1200,896,person,973,194,1102,567
people_working_new5.jpg,1200,896,person,877,509,1200,896
people_working_new5.jpg,1200,896,person,905,253,1200,478
mix_9.png,685,458,person,97,2,685,458
mix_9.png,685,458,robot,77,1,449,315
20211014_123230.jpg,870,1160,robot,301,299,588,964
people_working_new8.jpg,500,333,person,99,18,262,194
people_working_new8.jpg,500,333,person,282,35,428,149
people_working_new8.jpg,500,333,person,210,247,372,333
workers_new7.jpg,630,397,person,77,255,199,397
workers_new7.jpg,630,397,person,48,156,116,305
workers_new7.jpg,630,397,person,229,182,298,383
workers_new7.jpg,630,397,person,194,139,242,243
workers_new7.jpg,630,397,person,237,121,253,159
workers_new7.jpg,630,397,person,281,127,315,163
workers_new7.jpg,630,397,person,484,237,589,324
workers_new7.jpg,630,397,person,438,170,486,257
workers_new7.jpg,630,397,person,386,139,418,175
workers_new7.jpg,630,397,person,478,147,509,186
workers_new7.jpg,630,397,person,495,126,516,147
workers_new7.jpg,630,397,person,117,116,138,148
workers_new7.jpg,630,397,person,348,127,370,145
mix(13).jpg,1200,690,person,150,50,834,690
mix(13).jpg,1200,690,person,504,118,610,413
mix(13).jpg,1200,690,person,827,170,1144,690
mix(13).jpg,1200,690,person,1124,144,1200,300
mix(13).jpg,1200,690,person,763,73,905,382
mix(13).jpg,1200,690,person,665,80,778,385
mix(13).jpg,1200,690,robot,233,115,890,690
people_above_11.jpg,748,1050,person,155,597,296,917
people_above_11.jpg,748,1050,person,61,415,197,696
people_above_11.jpg,748,1050,person,219,217,350,461
people_above_11.jpg,748,1050,person,422,249,525,506
people_above_11.jpg,748,1050,person,511,215,623,501
people_above_11.jpg,748,1050,person,281,17,378,230
people_above_11.jpg,748,1050,person,457,36,557,262
people_above_11.jpg,748,1050,person,639,355,748,622
people_above_11.jpg,748,1050,person,695,245,748,371
people_above_11.jpg,748,1050,person,39,949,194,1050
workers_3.jpg,1300,677,person,1004,3,1300,590
workers_3.jpg,1300,677,person,837,51,1084,576
workers_3.jpg,1300,677,person,648,57,910,585
workers_3.jpg,1300,677,person,493,21,747,586
workers_3.jpg,1300,677,person,289,70,535,588
workers_3.jpg,1300,677,person,143,85,339,588
workers_3.jpg,1300,677,person,26,10,200,583
workers_3.jpg,1300,677,person,1,89,79,587
people_5.jpg,1300,957,person,173,249,331,765
people_5.jpg,1300,957,person,349,260,508,752
people_5.jpg,1300,957,person,613,207,757,759
people-from-above_new12.jpg,375,236,person,4,41,34,81
people-from-above_new12.jpg,375,236,person,68,54,97,117
people-from-above_new12.jpg,375,236,person,95,67,116,109
people-from-above_new12.jpg,375,236,person,128,16,146,60
people-from-above_new12.jpg,375,236,person,120,124,138,159
people-from-above_new12.jpg,375,236,person,130,108,153,149
people-from-above_new12.jpg,375,236,person,166,164,197,201
people-from-above_new12.jpg,375,236,person,218,169,249,207
people-from-above_new12.jpg,375,236,person,289,156,310,193
people-from-above_new12.jpg,375,236,person,271,108,293,152
people-from-above_new12.jpg,375,236,person,287,95,305,138
people-from-above_new12.jpg,375,236,person,298,132,315,169
people-from-above_new12.jpg,375,236,person,313,127,331,168
people-from-above_new12.jpg,375,236,person,333,78,360,124
people-from-above_new12.jpg,375,236,person,176,69,202,112
people-from-above_new12.jpg,375,236,person,190,60,207,103
mix_new17.jpg,660,440,person,1,2,328,440
mix_new17.jpg,660,440,person,319,144,511,361
mix_new17.jpg,660,440,robot,305,114,619,436
20211014_123309.jpg,870,1160,robot,283,241,581,876
people_10.jpg,509,339,person,29,56,196,339
people_10.jpg,509,339,person,199,51,330,339
people_10.jpg,509,339,person,329,58,417,339
people_10.jpg,509,339,person,449,100,509,339
people_2.jpg,640,427,person,171,33,414,427
people_2.jpg,640,427,person,381,71,620,427
robot_2.jpg,1200,627,robot,97,224,512,441
robot_2.jpg,1200,627,robot,160,17,548,427
robot_2.jpg,1200,627,robot,274,174,512,327
robot_2.jpg,1200,627,robot,680,238,1104,446
robot_2.jpg,1200,627,robot,557,7,1033,459
robot_2.jpg,1200,627,robot,650,105,919,421
20211014_123249.jpg,870,1160,robot,374,278,700,813
mix(16).jpg,1532,768,person,373,93,1208,768
mix(16).jpg,1532,768,robot,358,2,1532,768
20211014_123227.jpg,870,1160,robot,313,269,622,967
people_above_5.jpg,650,650,person,20,359,111,592
people_above_5.jpg,650,650,person,120,337,212,544
people_above_5.jpg,650,650,person,225,248,296,490
people_above_5.jpg,650,650,person,283,255,342,468
people_above_5.jpg,650,650,person,481,324,551,574
people_above_5.jpg,650,650,person,367,220,474,464
people_above_5.jpg,650,650,person,487,192,553,379
people_above_5.jpg,650,650,person,542,146,611,362
people_above_5.jpg,650,650,person,452,93,562,303
workers_8.jpg,1068,708,person,9,359,240,701
workers_8.jpg,1068,708,person,334,118,533,651
workers_8.jpg,1068,708,person,565,184,838,708
workers_8.jpg,1068,708,person,553,97,700,598
workers_8.jpg,1068,708,person,864,110,1031,619
mix_24.jpg,1024,500,person,69,89,335,499
mix_24.jpg,1024,500,person,475,109,756,500
mix_24.jpg,1024,500,person,671,97,781,500
mix_24.jpg,1024,500,robot,251,98,590,276
mix_24.jpg,1024,500,person,211,78,283,202
people-from-above_new15.jpg,800,533,person,3,223,92,380
people-from-above_new15.jpg,800,533,person,266,184,356,353
people-from-above_new15.jpg,800,533,person,397,218,474,381
people-from-above_new15.jpg,800,533,person,467,445,517,533
people-from-above_new15.jpg,800,533,person,515,424,585,533
people-from-above_new15.jpg,800,533,person,508,271,571,425
people-from-above_new15.jpg,800,533,person,592,211,663,388
people-from-above_new15.jpg,800,533,person,676,151,753,321
people-from-above_new15.jpg,800,533,person,420,8,482,144
workers_new5.jpg,512,341,person,291,92,335,271
workers_new5.jpg,512,341,person,321,104,386,241
20211014_123310.jpg,870,1160,robot,281,287,581,896
Cobot2.jpg,1618,1080,robot,420,190,1006,788
people(10).jpg,1200,800,person,45,288,194,617
people(10).jpg,1200,800,person,170,293,292,589
people(10).jpg,1200,800,person,546,252,686,713
people(10).jpg,1200,800,person,907,314,1045,728
people(10).jpg,1200,800,person,889,300,957,627
people(10).jpg,1200,800,person,998,306,1072,611
people(10).jpg,1200,800,person,1050,323,1145,663
people_26.jpeg,999,311,person,148,72,268,311
20211014_123245.jpg,870,1160,robot,266,218,706,870
20211014_123236.jpg,870,1160,robot,236,291,653,927
workers_new4.jpg,512,341,person,153,53,252,341
workers_new4.jpg,512,341,person,67,84,99,117
workers_new4.jpg,512,341,person,81,85,119,163
workers_new4.jpg,512,341,person,144,83,167,115
workers_new4.jpg,512,341,person,356,76,488,341
workers_new4.jpg,512,341,person,467,61,512,136
workers_new4.jpg,512,341,person,236,67,255,121
workers_new4.jpg,512,341,person,252,88,274,108
workers_new4.jpg,512,341,person,302,91,332,115
workers_new4.jpg,512,341,person,288,72,304,105
mix_new.jpg,1400,788,robot,441,172,1131,788
mix_new.jpg,1400,788,person,106,17,496,788
mix(17).jpg,800,450,person,474,131,699,450
mix(17).jpg,800,450,robot,388,1,674,410
mix_new12.jpg,645,350,person,283,46,344,115
mix_new12.jpg,645,350,person,326,17,515,286
mix_new12.jpg,645,350,robot,18,84,348,350
20211014_123306.jpg,870,1160,robot,204,298,551,875
20211014_123247.jpg,870,1160,robot,314,296,708,870
people_above_9.jpg,612,612,person,70,72,133,140
people_above_9.jpg,612,612,person,121,87,186,160
people_above_9.jpg,612,612,person,242,80,305,149
people_above_9.jpg,612,612,person,313,78,371,144
people_above_9.jpg,612,612,person,378,59,429,159
people_above_9.jpg,612,612,person,441,69,549,140
people_above_9.jpg,612,612,person,487,87,555,163
people_above_9.jpg,612,612,person,62,214,124,283
people_above_9.jpg,612,612,person,125,199,178,278
people_above_9.jpg,612,612,person,179,206,239,303
people_above_9.jpg,612,612,person,242,215,301,284
people_above_9.jpg,612,612,person,303,211,366,286
people_above_9.jpg,612,612,person,433,216,496,289
people_above_9.jpg,612,612,person,496,207,553,284
people_above_9.jpg,612,612,person,48,332,110,407
people_above_9.jpg,612,612,person,142,317,209,415
people_above_9.jpg,612,612,person,227,335,293,412
people_above_9.jpg,612,612,person,316,323,378,423
people_above_9.jpg,612,612,person,415,338,473,409
people_above_9.jpg,612,612,person,501,323,562,411
people_above_9.jpg,612,612,person,44,480,112,558
people_above_9.jpg,612,612,person,145,463,209,567
people_above_9.jpg,612,612,person,235,465,292,548
people_above_9.jpg,612,612,person,322,483,382,553
people_above_9.jpg,612,612,person,413,484,476,558
people_above_9.jpg,612,612,person,509,463,568,567
20211014_123411.jpg,870,1160,robot,267,108,478,735
people_above_16.jpg,1300,821,person,136,197,247,341
people_above_16.jpg,1300,821,person,173,384,281,515
people_above_16.jpg,1300,821,person,443,454,546,573
people_above_16.jpg,1300,821,person,555,348,671,467
20211014_123252(1).jpg,870,1160,robot,275,290,554,861
people_new4.jpg,1920,1080,person,1,96,305,1077
people_new4.jpg,1920,1080,person,401,102,725,966
people_new4.jpg,1920,1080,person,1553,58,1868,1073
people_new4.jpg,1920,1080,person,1238,87,1562,1080
people(13).jpg,1300,1004,person,177,514,282,747
people(13).jpg,1300,1004,person,228,515,356,762
people(13).jpg,1300,1004,person,443,488,553,869
people(13).jpg,1300,1004,person,585,515,706,868
people(13).jpg,1300,1004,person,733,485,861,870
people(13).jpg,1300,1004,person,887,497,1006,863
people(13).jpg,1300,1004,person,866,502,887,549
people(13).jpg,1300,1004,person,888,499,908,549
people(13).jpg,1300,1004,person,808,512,826,544
people(13).jpg,1300,1004,person,826,515,846,553
people(13).jpg,1300,1004,person,912,500,929,543
people-from-above_new9.jpg,1300,956,person,252,689,299,757
people-from-above_new9.jpg,1300,956,person,441,792,506,865
people-from-above_new9.jpg,1300,956,person,639,649,686,726
people-from-above_new9.jpg,1300,956,person,788,702,841,763
people-from-above_new9.jpg,1300,956,person,1,567,24,629
people-from-above_new9.jpg,1300,956,person,1,507,33,577
people-from-above_new9.jpg,1300,956,person,175,405,212,499
people-from-above_new9.jpg,1300,956,person,216,408,270,474
people-from-above_new9.jpg,1300,956,person,653,514,700,576
people-from-above_new9.jpg,1300,956,person,700,502,740,575
people-from-above_new9.jpg,1300,956,person,744,496,788,556
people-from-above_new9.jpg,1300,956,person,916,490,960,553
people-from-above_new9.jpg,1300,956,person,959,497,999,565
people-from-above_new9.jpg,1300,956,person,1118,346,1162,408
people-from-above_new9.jpg,1300,956,person,1163,349,1207,429
people-from-above_new9.jpg,1300,956,person,836,305,882,365
people-from-above_new9.jpg,1300,956,person,787,300,833,375
people-from-above_new9.jpg,1300,956,person,912,198,959,306
people-from-above_new9.jpg,1300,956,person,1228,196,1300,274
people-from-above_new9.jpg,1300,956,person,1238,145,1283,207
people-from-above_new9.jpg,1300,956,person,1175,138,1229,196
people-from-above_new9.jpg,1300,956,person,1161,193,1204,237
people-from-above_new9.jpg,1300,956,person,489,261,533,349
people-from-above_new9.jpg,1300,956,person,446,271,479,339
people-from-above_new9.jpg,1300,956,person,36,210,99,314
people-from-above_new9.jpg,1300,956,person,20,203,60,268
people-from-above_new9.jpg,1300,956,person,247,7,287,99
people-from-above_new9.jpg,1300,956,person,286,1,348,86
people-from-above_new9.jpg,1300,956,person,479,160,516,232
people-from-above_new9.jpg,1300,956,person,517,158,571,246
people-from-above_new9.jpg,1300,956,person,514,75,556,157
people-from-above_new9.jpg,1300,956,person,574,95,613,186
people-from-above_new9.jpg,1300,956,person,558,62,601,152
people-from-above_new9.jpg,1300,956,person,619,63,662,126
people-from-above_new9.jpg,1300,956,person,666,47,710,126
people-from-above_new9.jpg,1300,956,person,1000,24,1048,87
20211014_123248.jpg,870,1160,robot,360,331,730,867
people(5).jpg,800,414,person,1,26,36,403
people(5).jpg,800,414,person,12,40,108,383
people(5).jpg,800,414,person,28,8,226,412
people(5).jpg,800,414,person,176,76,275,344
people(5).jpg,800,414,person,212,1,329,391
people(5).jpg,800,414,person,290,39,396,359
people(5).jpg,800,414,person,311,42,497,383
people(5).jpg,800,414,person,415,35,607,397
people(5).jpg,800,414,person,625,60,696,389
people(5).jpg,800,414,person,687,79,753,362
people(5).jpg,800,414,person,722,1,800,407
20211014_123347.jpg,870,1160,robot,314,424,624,1018
people_working_new9.jpg,660,433,person,1,22,323,433
people_working_new9.jpg,660,433,person,97,1,274,316
people_working_new9.jpg,660,433,person,179,102,342,284
people_working_new9.jpg,660,433,person,313,38,473,243
people_working_new9.jpg,660,433,person,346,128,641,425
mix_new15.jpg,950,534,person,413,164,601,507
mix_new15.jpg,950,534,robot,365,2,465,312
workers_13.jpg,532,384,person,308,143,391,384
workers_13.jpg,532,384,person,170,128,327,384
workers_13.jpg,532,384,person,391,145,432,276
workers_13.jpg,532,384,person,452,140,532,362
mix(10).jpg,500,333,robot,275,65,413,275
mix(10).jpg,500,333,person,22,125,120,252
people-from-above_new6.jpg,852,480,person,43,134,85,199
people-from-above_new6.jpg,852,480,person,144,185,192,251
people-from-above_new6.jpg,852,480,person,119,81,167,141
people-from-above_new6.jpg,852,480,person,165,123,209,174
people-from-above_new6.jpg,852,480,person,218,248,254,294
people-from-above_new6.jpg,852,480,person,212,261,244,305
people-from-above_new6.jpg,852,480,person,278,329,321,372
people-from-above_new6.jpg,852,480,person,272,278,319,324
people-from-above_new6.jpg,852,480,person,284,246,330,294
people-from-above_new6.jpg,852,480,person,278,157,319,214
people-from-above_new6.jpg,852,480,person,398,224,427,271
people-from-above_new6.jpg,852,480,person,434,219,464,267
people-from-above_new6.jpg,852,480,person,399,183,433,227
people-from-above_new6.jpg,852,480,person,428,178,462,223
people-from-above_new6.jpg,852,480,person,479,306,510,367
people-from-above_new6.jpg,852,480,person,492,274,541,334
people-from-above_new6.jpg,852,480,person,629,375,669,427
people-from-above_new6.jpg,852,480,person,622,313,677,370
people-from-above_new6.jpg,852,480,person,685,193,736,267
people-from-above_new6.jpg,852,480,person,202,4,250,68
people-from-above_new6.jpg,852,480,person,133,1,167,44
people-from-above_new6.jpg,852,480,person,333,28,378,83
people-from-above_new6.jpg,852,480,person,361,19,401,72
people-from-above_new6.jpg,852,480,person,427,14,465,69
people-from-above_new6.jpg,852,480,person,446,102,482,166
people-from-above_new6.jpg,852,480,person,478,92,517,145
people-from-above_new6.jpg,852,480,person,502,66,531,128
people-from-above_new6.jpg,852,480,person,518,25,551,79
people-from-above_new6.jpg,852,480,person,772,20,815,85
people-from-above_new6.jpg,852,480,person,180,451,220,480
20211014_123342.jpg,870,1160,robot,270,290,538,1011
mix_new10.jpg,1400,787,person,392,51,647,782
mix_new10.jpg,1400,787,person,685,200,900,582
mix_new10.jpg,1400,787,person,928,161,1195,617
mix_new10.jpg,1400,787,person,200,12,356,419
mix_new10.jpg,1400,787,person,75,74,217,438
mix_new10.jpg,1400,787,person,27,60,80,130
mix_new10.jpg,1400,787,robot,1,113,263,623
mix_new10.jpg,1400,787,robot,425,294,898,787
mix_23.jpg,800,450,robot,238,93,431,250
mix_23.jpg,800,450,person,137,16,251,428
mix_23.jpg,800,450,person,501,69,675,417
robot_13.jpg,1280,720,robot,134,311,673,580
robot_13.jpg,1280,720,robot,742,264,1279,667
people_working_new4.jpg,1023,617,person,53,419,156,617
people_working_new4.jpg,1023,617,person,166,427,240,617
people_working_new4.jpg,1023,617,person,361,434,446,617
people_working_new4.jpg,1023,617,person,433,398,531,617
people_working_new4.jpg,1023,617,person,637,397,721,617
people_working_new4.jpg,1023,617,person,727,394,861,617
people_working_new4.jpg,1023,617,person,869,397,951,617
20211014_123305.jpg,870,1160,robot,196,275,547,867
mix_30.jpg,595,335,robot,93,11,396,301
mix_30.jpg,595,335,person,253,10,595,333
workers(8).jpg,1200,797,person,204,320,386,686
workers(8).jpg,1200,797,person,814,169,1199,797
20211014_123251.jpg,870,1160,robot,339,291,599,841
people_above_7.jpg,600,442,person,64,239,141,292
people_above_7.jpg,600,442,person,189,181,271,239
people_above_7.jpg,600,442,person,333,288,420,343
people_above_7.jpg,600,442,person,403,217,481,273
people_above_7.jpg,600,442,person,85,94,150,156
people_above_7.jpg,600,442,person,118,24,179,79
people_above_7.jpg,600,442,person,321,58,370,134
people_above_7.jpg,600,442,person,391,78,434,151
people_above_7.jpg,600,442,person,432,66,477,119
people_above_7.jpg,600,442,person,346,20,410,72
people_working_new7.jpg,1024,576,person,35,251,329,576
people_working_new7.jpg,1024,576,person,157,227,387,503
people_working_new7.jpg,1024,576,person,258,199,415,362
people_working_new7.jpg,1024,576,person,227,70,288,248
people_working_new7.jpg,1024,576,person,616,199,758,386
people_working_new7.jpg,1024,576,person,887,196,1005,285
people_working_new7.jpg,1024,576,person,675,224,905,447
people_working_new7.jpg,1024,576,person,650,257,988,576
workers_new.jpg,640,427,person,168,117,333,366
workers_new.jpg,640,427,person,511,165,603,336
people(8).jpg,1200,801,person,543,338,612,524
people(8).jpg,1200,801,person,618,318,702,522
20211014_123312.jpg,870,1160,robot,304,346,600,932
people_new2.jpg,2000,1407,person,929,497,1506,1234
people_new2.jpg,2000,1407,person,221,1,500,637
people_new2.jpg,2000,1407,person,560,1,720,521
people_new2.jpg,2000,1407,person,733,1,883,505
people_new2.jpg,2000,1407,person,501,25,607,397
mix_new7.jpg,750,488,robot,1,280,322,475
mix_new7.jpg,750,488,person,26,31,305,349
mix_new7.jpg,750,488,person,443,6,735,488
workers(5).jpg,1000,654,person,103,98,366,654
workers(5).jpg,1000,654,person,363,133,599,654
workers(5).jpg,1000,654,person,604,50,894,654
workers(5).jpg,1000,654,person,301,93,428,284
workers(5).jpg,1000,654,person,1,59,63,275
workers(5).jpg,1000,654,person,64,74,146,208
people-from-above_new14.jpg,1300,731,person,176,490,306,717
people-from-above_new14.jpg,1300,731,person,340,351,455,607
people-from-above_new14.jpg,1300,731,person,443,430,546,670
people-from-above_new14.jpg,1300,731,person,554,362,672,594
people-from-above_new14.jpg,1300,731,person,427,216,574,446
people-from-above_new14.jpg,1300,731,person,603,182,701,415
people-from-above_new14.jpg,1300,731,person,686,245,799,495
people-from-above_new14.jpg,1300,731,person,284,7,429,231
people-from-above_new14.jpg,1300,731,person,746,37,834,261
people-from-above_new14.jpg,1300,731,person,851,37,945,279
20211014_123341.jpg,870,1160,robot,271,283,548,993
mix_10.jpg,600,400,person,90,1,338,400
mix_10.jpg,600,400,robot,370,87,600,347
people_15.JPG,625,417,person,74,160,181,349
people_15.JPG,625,417,person,395,150,494,345
people_15.JPG,625,417,person,388,125,427,200
people_15.JPG,625,417,person,420,122,436,189
people_15.JPG,625,417,person,234,103,253,122
people_15.JPG,625,417,person,260,98,279,124
people_15.JPG,625,417,person,449,113,473,154
people_15.JPG,625,417,person,472,115,508,164
people_15.JPG,625,417,person,364,112,384,140
people_15.JPG,625,417,person,382,111,397,125
people_15.JPG,625,417,person,547,112,572,142
people_15.JPG,625,417,person,583,114,608,158
people_15.JPG,625,417,person,431,97,450,117
mix_new19.jpg,2643,1487,person,615,280,1345,1074
mix_new19.jpg,2643,1487,robot,264,529,1062,1280
mix_new19.jpg,2643,1487,robot,1506,680,1808,1057
mix_new19.jpg,2643,1487,robot,1779,474,2187,1210
mix_new11.jpg,1024,692,robot,421,192,656,490
mix_new11.jpg,1024,692,person,579,16,891,688
mix_new11.jpg,1024,692,person,80,181,118,228
workers_new9.jpg,600,338,person,270,226,334,338
workers_new9.jpg,600,338,person,404,143,448,195
workers_new9.jpg,600,338,person,428,203,492,319
workers_new9.jpg,600,338,person,155,52,180,119
workers_new9.jpg,600,338,person,247,29,273,86
workers_new9.jpg,600,338,person,314,13,336,68
20211014_123408.jpg,870,1160,robot,316,239,525,791
Cobot4.jpg,1024,680,robot,148,9,860,658
people-from-above_new11.jpg,1000,667,person,135,434,275,590
people-from-above_new11.jpg,1000,667,person,60,271,187,429
people-from-above_new11.jpg,1000,667,person,214,236,328,413
people-from-above_new11.jpg,1000,667,person,41,156,172,262
people-from-above_new11.jpg,1000,667,person,180,7,279,180
people-from-above_new11.jpg,1000,667,person,369,180,455,354
people-from-above_new11.jpg,1000,667,person,433,116,506,298
people-from-above_new11.jpg,1000,667,person,539,314,641,454
people-from-above_new11.jpg,1000,667,person,546,460,650,574
people-from-above_new11.jpg,1000,667,person,634,134,716,315
people-from-above_new11.jpg,1000,667,person,472,6,536,151
people-from-above_new11.jpg,1000,667,person,733,114,823,282
people-from-above_new11.jpg,1000,667,person,763,237,876,417
people-from-above_new11.jpg,1000,667,person,845,290,966,492
mix_new14.jpg,1000,667,robot,195,8,515,317
mix_new14.jpg,1000,667,person,745,114,948,588
20211014_123246(1).jpg,870,1160,robot,293,284,712,897
mix_new6.jpg,4207,2366,person,2052,378,2903,2366
mix_new6.jpg,4207,2366,person,2782,260,3825,2366
mix_new6.jpg,4207,2366,robot,464,275,1258,1648
people_19.jpg,711,350,person,42,80,133,290
people_19.jpg,711,350,person,144,52,244,293
people_19.jpg,711,350,person,211,70,296,294
people_19.jpg,711,350,person,313,88,427,293
people_19.jpg,711,350,person,381,89,488,292
people_19.jpg,711,350,person,485,50,595,293
people_19.jpg,711,350,person,522,42,663,320
mix_new2.jpg,1400,788,person,262,28,452,732
mix_new2.jpg,1400,788,person,872,113,1158,696
mix_new2.jpg,1400,788,robot,451,158,761,432
mix_new4.jpg,1024,576,person,121,107,261,440
mix_new4.jpg,1024,576,person,576,116,640,258
mix_new4.jpg,1024,576,robot,674,128,942,576
mix_new4.jpg,1024,576,robot,637,164,721,304
mix_new4.jpg,1024,576,robot,279,144,347,264
mix_new21.jpg,480,270,person,241,68,317,218
mix_new21.jpg,480,270,robot,54,49,262,229
mix_new21.jpg,480,270,robot,1,1,277,270
people(6).jpg,2048,1270,person,1,251,202,957
people(6).jpg,2048,1270,person,157,286,421,970
people(6).jpg,2048,1270,person,373,290,518,837
people(6).jpg,2048,1270,person,558,261,780,918
people(6).jpg,2048,1270,person,648,219,1038,1245
people(6).jpg,2048,1270,person,976,311,1164,980
people(6).jpg,2048,1270,person,1151,256,1440,915
people(6).jpg,2048,1270,person,1195,147,1358,370
people(6).jpg,2048,1270,person,1450,212,1529,398
people(6).jpg,2048,1270,person,1745,244,1877,648
people(6).jpg,2048,1270,person,1838,128,2048,1048
people(6).jpg,2048,1270,person,666,180,799,459
workers(2).jpg,1024,683,person,815,174,979,498
workers(2).jpg,1024,683,person,98,233,229,448
workers(2).jpg,1024,683,person,172,271,235,426
workers(2).jpg,1024,683,person,311,321,369,384
workers(2).jpg,1024,683,person,532,326,568,382
workers(2).jpg,1024,683,person,519,321,547,383
workers(2).jpg,1024,683,person,206,323,250,408
workers(2).jpg,1024,683,person,240,322,276,396
robot_12.jpg,1300,956,robot,229,1,586,245
robot_12.jpg,1300,956,robot,741,1,1273,425
robot_12.jpg,1300,956,robot,946,405,1267,886
robot_12.jpg,1300,956,robot,678,387,1041,839
20211014_123403(1).jpg,870,1160,robot,319,189,604,846
people-from-above_new4.jpg,1300,731,person,58,316,151,440
people-from-above_new4.jpg,1300,731,person,202,441,261,539
people-from-above_new4.jpg,1300,731,person,246,466,302,557
people-from-above_new4.jpg,1300,731,person,489,378,568,503
people-from-above_new4.jpg,1300,731,person,650,409,723,548
people-from-above_new4.jpg,1300,731,person,746,601,847,716
workers_5.jpg,700,394,person,60,173,174,379
workers_5.jpg,700,394,person,197,154,289,283
workers_5.jpg,700,394,person,315,154,391,249
workers_5.jpg,700,394,person,396,141,464,276
workers_5.jpg,700,394,person,443,138,496,252
workers_5.jpg,700,394,person,502,139,556,225
workers_5.jpg,700,394,person,553,136,583,220
workers_5.jpg,700,394,person,630,105,673,202
workers_5.jpg,700,394,person,671,101,697,126
workers_5.jpg,700,394,person,248,134,299,173
workers_5.jpg,700,394,person,320,137,351,172
workers_5.jpg,700,394,person,359,115,384,166
workers_5.jpg,700,394,person,414,112,434,146
20211014_123343.jpg,870,1160,robot,267,285,573,1041
workers_1.jpg,1023,683,person,168,183,457,594
workers_1.jpg,1023,683,person,363,274,537,472
workers_1.jpg,1023,683,person,616,86,1023,683
people-from-above_new2.jpg,1300,887,person,65,684,147,769
people-from-above_new2.jpg,1300,887,person,225,514,294,607
people-from-above_new2.jpg,1300,887,person,93,82,143,164
people-from-above_new2.jpg,1300,887,person,143,126,189,214
people-from-above_new2.jpg,1300,887,person,168,1,216,56
people-from-above_new2.jpg,1300,887,person,258,134,301,207
people-from-above_new2.jpg,1300,887,person,301,112,342,194
people-from-above_new2.jpg,1300,887,person,275,295,332,400
people-from-above_new2.jpg,1300,887,person,339,438,399,526
people-from-above_new2.jpg,1300,887,person,446,639,489,690
people-from-above_new2.jpg,1300,887,person,500,594,525,644
people-from-above_new2.jpg,1300,887,person,446,597,497,654
people-from-above_new2.jpg,1300,887,person,456,544,506,609
people-from-above_new2.jpg,1300,887,person,460,441,513,513
people-from-above_new2.jpg,1300,887,person,385,329,439,387
people-from-above_new2.jpg,1300,887,person,397,289,455,331
people-from-above_new2.jpg,1300,887,person,442,273,487,307
people-from-above_new2.jpg,1300,887,person,592,588,643,672
people-from-above_new2.jpg,1300,887,person,640,571,687,636
people-from-above_new2.jpg,1300,887,person,743,620,827,713
people-from-above_new2.jpg,1300,887,person,855,605,940,671
people-from-above_new2.jpg,1300,887,person,1000,610,1072,690
people-from-above_new2.jpg,1300,887,person,1078,624,1129,706
people-from-above_new2.jpg,1300,887,person,1087,594,1138,656
people-from-above_new2.jpg,1300,887,person,1025,563,1104,607
people-from-above_new2.jpg,1300,887,person,1208,454,1277,551
people-from-above_new2.jpg,1300,887,person,598,421,646,495
people-from-above_new2.jpg,1300,887,person,551,348,596,424
people-from-above_new2.jpg,1300,887,person,577,292,634,352
people-from-above_new2.jpg,1300,887,person,684,458,728,538
people-from-above_new2.jpg,1300,887,person,714,447,753,520
people-from-above_new2.jpg,1300,887,person,775,463,829,533
people-from-above_new2.jpg,1300,887,person,832,458,870,534
people-from-above_new2.jpg,1300,887,person,871,450,921,535
people-from-above_new2.jpg,1300,887,person,963,402,1025,489
people-from-above_new2.jpg,1300,887,person,672,319,714,362
people-from-above_new2.jpg,1300,887,person,713,319,758,376
people-from-above_new2.jpg,1300,887,person,698,297,736,325
people-from-above_new2.jpg,1300,887,person,779,340,823,407
people-from-above_new2.jpg,1300,887,person,851,272,923,334
people-from-above_new2.jpg,1300,887,person,906,311,943,344
people-from-above_new2.jpg,1300,887,person,903,304,966,385
people-from-above_new2.jpg,1300,887,person,951,331,1007,402
people-from-above_new2.jpg,1300,887,person,1076,284,1145,375
people-from-above_new2.jpg,1300,887,person,1032,185,1078,266
people-from-above_new2.jpg,1300,887,person,1073,186,1132,262
people-from-above_new2.jpg,1300,887,person,1066,133,1124,206
people-from-above_new2.jpg,1300,887,person,589,231,640,280
people-from-above_new2.jpg,1300,887,person,631,208,680,267
people-from-above_new2.jpg,1300,887,person,711,215,771,270
people-from-above_new2.jpg,1300,887,person,418,164,458,211
people-from-above_new2.jpg,1300,887,person,448,177,488,261
people-from-above_new2.jpg,1300,887,person,476,191,515,257
people-from-above_new2.jpg,1300,887,person,501,175,572,224
people-from-above_new2.jpg,1300,887,person,417,1,458,70
people-from-above_new2.jpg,1300,887,person,490,52,514,102
people-from-above_new2.jpg,1300,887,person,479,72,524,144
people-from-above_new2.jpg,1300,887,person,518,94,551,163
people-from-above_new2.jpg,1300,887,person,610,120,642,169
people-from-above_new2.jpg,1300,887,person,638,156,672,208
people-from-above_new2.jpg,1300,887,person,689,134,727,173
people-from-above_new2.jpg,1300,887,person,699,162,734,206
people-from-above_new2.jpg,1300,887,person,815,99,863,146
people-from-above_new2.jpg,1300,887,person,864,89,888,130
people-from-above_new2.jpg,1300,887,person,876,78,924,119
people-from-above_new2.jpg,1300,887,person,960,29,1005,109
people-from-above_new2.jpg,1300,887,person,839,190,877,258
people-from-above_new2.jpg,1300,887,person,870,176,913,274
people-from-above_new2.jpg,1300,887,person,917,183,956,227
people_new3.jpg,608,342,person,52,166,119,339
people_new3.jpg,608,342,person,205,165,255,302
people_new3.jpg,608,342,person,199,181,213,216
people_new3.jpg,608,342,person,258,176,301,303
people_new3.jpg,608,342,person,325,177,347,243
people_new3.jpg,608,342,person,351,171,373,240
people_new3.jpg,608,342,person,527,175,539,204
people_new3.jpg,608,342,person,562,175,575,200
people_new3.jpg,608,342,person,550,176,562,201
mix_new3.jpg,500,320,robot,92,76,267,300
mix_new3.jpg,500,320,person,1,10,111,320
mix_new3.jpg,500,320,person,263,48,367,277
workers_12.jpg,745,497,person,408,30,534,193
workers_12.jpg,745,497,person,542,30,634,343
workers_12.jpg,745,497,person,572,11,720,425
workers_15.jpg,877,620,person,538,132,854,620
mix(11).jpg,580,327,person,54,13,246,327
mix(11).jpg,580,327,robot,252,64,485,225
20211014_123234.jpg,870,1160,robot,238,338,636,944
mix_3.jpg,1200,800,person,588,142,1161,751
mix_3.jpg,1200,800,robot,771,98,1014,800
mix_3.jpg,1200,800,robot,489,84,651,690
mix_3.jpg,1200,800,robot,326,98,453,607
mix_3.jpg,1200,800,robot,217,126,301,539
mix_3.jpg,1200,800,robot,116,148,222,497
mix_new8.jpg,916,514,person,384,277,475,480
mix_new8.jpg,916,514,robot,225,37,779,496
robot_8.jpg,800,450,robot,51,8,504,450
people_new.jpg,1024,769,person,44,307,115,597
people_new.jpg,1024,769,person,106,321,192,583
people_new.jpg,1024,769,person,365,290,483,583
people_new.jpg,1024,769,person,664,307,738,555
people_new.jpg,1024,769,person,833,305,949,606
people_new.jpg,1024,769,person,777,316,890,575
people_new.jpg,1024,769,person,941,271,1023,562
20211014_123250.jpg,870,1160,robot,321,281,596,826
mix_16.jpg,1400,788,person,108,18,493,788
mix_16.jpg,1400,788,robot,501,172,1130,788
people(4).jpg,256,280,person,10,23,91,273
people(4).jpg,256,280,person,52,20,114,187
people(4).jpg,256,280,person,121,32,169,222
people(4).jpg,256,280,person,143,9,235,258
people(4).jpg,256,280,person,190,24,249,213
workers_new6.jpg,471,314,person,132,196,174,307
workers_new6.jpg,471,314,person,212,219,270,314
workers_new6.jpg,471,314,person,274,225,318,314
workers_new6.jpg,471,314,person,301,201,355,302
workers_new6.jpg,471,314,person,315,170,363,260
workers_new6.jpg,471,314,person,288,114,336,217
workers_new6.jpg,471,314,person,297,100,332,172
workers_new6.jpg,471,314,person,99,144,164,273
workers_new6.jpg,471,314,person,85,127,113,226
workers_new6.jpg,471,314,person,59,84,98,156
workers_new6.jpg,471,314,person,94,70,127,151
workers_new6.jpg,471,314,person,126,70,165,164
workers_new6.jpg,471,314,person,112,50,168,117
workers_new6.jpg,471,314,person,142,29,173,118
workers_new6.jpg,471,314,person,172,19,207,105
workers_new6.jpg,471,314,person,211,20,242,102
workers_new6.jpg,471,314,person,243,14,277,112
workers_new6.jpg,471,314,person,270,24,298,107
workers_new6.jpg,471,314,person,295,35,311,113
workers_new6.jpg,471,314,person,304,40,322,59
workers_new6.jpg,471,314,person,307,58,327,73
workers_new6.jpg,471,314,person,298,75,332,164
workers_new6.jpg,471,314,person,307,99,330,166
people-from-above_new7.jpg,1024,683,person,56,447,125,583
people-from-above_new7.jpg,1024,683,person,97,518,175,654
people-from-above_new7.jpg,1024,683,person,169,530,240,643
people-from-above_new7.jpg,1024,683,person,323,479,394,603
people-from-above_new7.jpg,1024,683,person,469,604,537,683
people-from-above_new7.jpg,1024,683,person,611,567,674,679
people-from-above_new7.jpg,1024,683,person,915,516,1008,630
people-from-above_new7.jpg,1024,683,person,642,337,716,470
people-from-above_new7.jpg,1024,683,person,862,329,941,474
people-from-above_new7.jpg,1024,683,person,777,261,844,376
people-from-above_new7.jpg,1024,683,person,548,291,608,408
people-from-above_new7.jpg,1024,683,person,371,250,440,402
people-from-above_new7.jpg,1024,683,person,277,236,355,371
people-from-above_new7.jpg,1024,683,person,56,229,130,357
people-from-above_new7.jpg,1024,683,person,1,295,45,416
people-from-above_new7.jpg,1024,683,person,421,164,481,309
people-from-above_new7.jpg,1024,683,person,94,82,162,223
people-from-above_new7.jpg,1024,683,person,316,22,371,171
people-from-above_new7.jpg,1024,683,person,217,13,269,141
people-from-above_new7.jpg,1024,683,person,13,1,79,81
people-from-above_new7.jpg,1024,683,person,914,175,979,308
people-from-above_new7.jpg,1024,683,person,733,57,787,199
people-from-above_new7.jpg,1024,683,person,865,1,915,130
mix_6.jpg,1875,1080,robot,962,39,1875,1029
mix_6.jpg,1875,1080,robot,863,10,1299,821
mix_6.jpg,1875,1080,robot,367,62,949,554
mix_6.jpg,1875,1080,robot,449,3,839,477
mix_6.jpg,1875,1080,person,3,73,886,1080
20211014_123304.jpg,870,1160,robot,196,234,559,842
mix(12).jpg,1030,801,robot,28,64,602,698
mix(12).jpg,1030,801,person,609,68,1030,783
mix(12).jpg,1030,801,person,521,71,913,801
mix(12).jpg,1030,801,person,516,121,732,662
mix(12).jpg,1030,801,person,325,159,514,616
people_above_13.jpg,612,518,person,1,300,89,518
people_above_13.jpg,612,518,person,71,275,185,518
people_above_13.jpg,612,518,person,156,279,242,518
people_above_13.jpg,612,518,person,232,250,328,518
people_above_13.jpg,612,518,person,317,230,391,518
people_above_13.jpg,612,518,person,378,235,439,498
people_above_13.jpg,612,518,person,416,216,487,476
people_above_13.jpg,612,518,person,462,206,529,450
people_above_13.jpg,612,518,person,520,211,584,427
people_above_13.jpg,612,518,person,575,202,612,402
people_working_new6.jpg,500,334,person,42,180,166,321
people_working_new6.jpg,500,334,person,233,118,306,237
people_working_new6.jpg,500,334,person,263,11,362,124
people_working_new6.jpg,500,334,person,48,36,130,126
20211014_123232.jpg,870,1160,robot,325,357,639,943
20211014_123352.jpg,870,1160,robot,288,391,592,730
20211014_123402.jpg,870,1160,robot,402,224,733,862
people_working_new2.jpg,800,533,person,1,238,72,343
people_working_new2.jpg,800,533,person,110,177,184,463
people_working_new2.jpg,800,533,person,201,159,275,472
people_working_new2.jpg,800,533,person,309,234,516,495
people_working_new2.jpg,800,533,person,453,178,529,342
people_working_new2.jpg,800,533,person,528,241,618,345
people_working_new2.jpg,800,533,person,645,254,800,488
people_working_new2.jpg,800,533,person,609,160,720,344
mix_new5.jpg,724,483,robot,312,175,426,312
mix_new5.jpg,724,483,robot,140,155,311,340
mix_new5.jpg,724,483,robot,632,176,724,271
mix_new5.jpg,724,483,robot,502,195,627,251
mix_new5.jpg,724,483,person,200,239,293,483
mix_new5.jpg,724,483,person,357,256,431,483
mix_new5.jpg,724,483,person,350,264,486,483
people_13.jpg,512,390,person,47,78,159,287
people_13.jpg,512,390,person,230,77,297,294
people_13.jpg,512,390,person,317,72,418,363
workers_new8.jpg,900,502,person,81,132,181,395
workers_new8.jpg,900,502,person,31,91,175,291
workers_new8.jpg,900,502,person,372,144,502,328
workers_new8.jpg,900,502,person,396,43,714,389
workers_new8.jpg,900,502,person,621,2,900,499
robot_3.jpg,1200,640,robot,571,28,1039,562
robot_3.jpg,1200,640,robot,290,57,547,456
robot_3.jpg,1200,640,robot,88,75,289,389
